,MSE,RMSE,MAE,MAPE,R2
LINEAR_REGRESSION,0.6243133403691035,0.7901350140128607,0.6174938058720226,0.0027776680164557227,0.9981996960959982
LASSO,10.98652012149349,3.314591999250208,2.8975647124649915,0.01277251065667035,0.9683186730329603
ARIMA,559.0685148180136,23.64462972469676,18.816479621262904,0.07968591701660738,-0.6121603764485766
RANDOM_FOREST,1469.865127260957,38.33882010783531,33.77268490466767,0.14378173909849806,-3.2385830253113497
GRADIENT_BOOSTING,1479.970096375372,38.470379467525035,33.888062523193824,0.14426450755398915,-3.2677222638477916
SVR,6003.279150497853,77.48083085833458,69.85549056117658,0.3008572021241445,-16.311382270101447
LSTM_5d,45474.49873723448,213.24750581714778,212.36892479905686,0.9352904478380892,-120.55467553821741
LSTM_1d,46111.62403130184,214.73617308525792,213.8719401103841,0.9424421336963816,-123.46432979576471
